-- MySQL dump 10.13  Distrib 5.5.46, for debian-linux-gnu (x86_64)
--
-- Host: localhost    Database: scotchbox
-- ------------------------------------------------------
-- Server version	5.5.46-0ubuntu0.14.04.2

/*!40101 SET @OLD_CHARACTER_SET_CLIENT=@@CHARACTER_SET_CLIENT */;
/*!40101 SET @OLD_CHARACTER_SET_RESULTS=@@CHARACTER_SET_RESULTS */;
/*!40101 SET @OLD_COLLATION_CONNECTION=@@COLLATION_CONNECTION */;
/*!40101 SET NAMES utf8 */;
/*!40103 SET @OLD_TIME_ZONE=@@TIME_ZONE */;
/*!40103 SET TIME_ZONE='+00:00' */;
/*!40014 SET @OLD_UNIQUE_CHECKS=@@UNIQUE_CHECKS, UNIQUE_CHECKS=0 */;
/*!40014 SET @OLD_FOREIGN_KEY_CHECKS=@@FOREIGN_KEY_CHECKS, FOREIGN_KEY_CHECKS=0 */;
/*!40101 SET @OLD_SQL_MODE=@@SQL_MODE, SQL_MODE='NO_AUTO_VALUE_ON_ZERO' */;
/*!40111 SET @OLD_SQL_NOTES=@@SQL_NOTES, SQL_NOTES=0 */;

--
-- Table structure for table `category`
--

DROP TABLE IF EXISTS `category`;
/*!40101 SET @saved_cs_client     = @@character_set_client */;
/*!40101 SET character_set_client = utf8 */;
CREATE TABLE `category` (
  `id` int(10) unsigned NOT NULL AUTO_INCREMENT,
  `name` varchar(191) COLLATE utf8mb4_unicode_ci NOT NULL,
  `created_at` timestamp NULL DEFAULT NULL,
  `updated_at` timestamp NULL DEFAULT NULL,
  PRIMARY KEY (`id`)
) ENGINE=InnoDB AUTO_INCREMENT=5 DEFAULT CHARSET=utf8mb4 COLLATE=utf8mb4_unicode_ci;
/*!40101 SET character_set_client = @saved_cs_client */;

--
-- Dumping data for table `category`
--

LOCK TABLES `category` WRITE;
/*!40000 ALTER TABLE `category` DISABLE KEYS */;
INSERT INTO `category` VALUES (1,'fruit',NULL,NULL),(2,'flower',NULL,NULL),(3,'tree_and_shrub',NULL,NULL),(4,'vegetable',NULL,NULL);
/*!40000 ALTER TABLE `category` ENABLE KEYS */;
UNLOCK TABLES;

--
-- Table structure for table `category_product`
--

DROP TABLE IF EXISTS `category_product`;
/*!40101 SET @saved_cs_client     = @@character_set_client */;
/*!40101 SET character_set_client = utf8 */;
CREATE TABLE `category_product` (
  `id` int(10) unsigned NOT NULL AUTO_INCREMENT,
  `product_id` int(10) NOT NULL,
  `category_id` int(10) DEFAULT NULL,
  `created_at` timestamp NULL DEFAULT NULL,
  `updated_at` timestamp NULL DEFAULT NULL,
  PRIMARY KEY (`id`)
) ENGINE=InnoDB AUTO_INCREMENT=98 DEFAULT CHARSET=utf8mb4 COLLATE=utf8mb4_unicode_ci;
/*!40101 SET character_set_client = @saved_cs_client */;

--
-- Dumping data for table `category_product`
--

LOCK TABLES `category_product` WRITE;
/*!40000 ALTER TABLE `category_product` DISABLE KEYS */;
INSERT INTO `category_product` VALUES (1,3,1,NULL,NULL),(2,4,1,NULL,NULL),(3,5,1,NULL,NULL),(4,6,1,NULL,NULL),(5,7,1,NULL,NULL),(6,8,1,NULL,NULL),(7,9,1,NULL,NULL),(8,10,1,NULL,NULL),(9,11,1,NULL,NULL),(10,12,1,NULL,NULL),(11,13,1,NULL,NULL),(12,14,1,NULL,NULL),(13,15,1,NULL,NULL),(14,16,1,NULL,NULL),(15,17,1,NULL,NULL),(16,18,1,NULL,NULL),(17,19,1,NULL,NULL),(18,20,1,NULL,NULL),(19,21,1,NULL,NULL),(20,22,1,NULL,NULL),(21,23,1,NULL,NULL),(22,24,1,NULL,NULL),(23,25,1,NULL,NULL),(24,26,1,NULL,NULL),(25,27,1,NULL,NULL),(26,28,4,NULL,NULL),(27,29,4,NULL,NULL),(28,30,4,NULL,NULL),(29,31,4,NULL,NULL),(30,32,4,NULL,NULL),(31,33,4,NULL,NULL),(32,34,4,NULL,NULL),(33,35,4,NULL,NULL),(34,36,4,NULL,NULL),(35,37,4,NULL,NULL),(36,38,4,NULL,NULL),(37,39,4,NULL,NULL),(38,40,4,NULL,NULL),(39,41,4,NULL,NULL),(40,42,4,NULL,NULL),(41,43,4,NULL,NULL),(42,44,4,NULL,NULL),(43,45,4,NULL,NULL),(44,46,4,NULL,NULL),(45,47,4,NULL,NULL),(46,48,4,NULL,NULL),(47,49,4,NULL,NULL),(48,50,4,NULL,NULL),(49,51,4,NULL,NULL),(50,52,4,NULL,NULL),(55,65,2,NULL,NULL),(56,66,2,NULL,NULL),(57,67,2,NULL,NULL),(58,68,2,NULL,NULL),(59,69,2,NULL,NULL),(60,70,2,NULL,NULL),(61,71,2,NULL,NULL),(62,1,2,NULL,NULL),(63,2,3,NULL,NULL),(65,72,2,NULL,NULL),(66,73,2,NULL,NULL),(67,74,2,NULL,NULL),(68,75,2,NULL,NULL),(69,76,2,NULL,NULL),(70,77,2,NULL,NULL),(71,78,2,NULL,NULL),(72,79,2,NULL,NULL),(73,80,2,NULL,NULL),(74,81,2,NULL,NULL),(75,82,3,NULL,NULL),(76,83,3,NULL,NULL),(77,84,3,NULL,NULL),(78,85,3,NULL,NULL),(79,86,3,NULL,NULL),(80,87,3,NULL,NULL),(81,88,3,NULL,NULL),(82,89,3,NULL,NULL),(83,90,2,NULL,NULL),(84,91,3,NULL,NULL),(85,92,3,NULL,NULL),(86,93,3,NULL,NULL),(87,94,3,NULL,NULL),(88,95,3,NULL,NULL),(89,96,3,NULL,NULL),(90,97,3,NULL,NULL),(91,98,3,NULL,NULL),(92,99,3,NULL,NULL),(93,100,3,NULL,NULL),(94,101,3,NULL,NULL),(95,102,3,NULL,NULL),(96,103,3,NULL,NULL),(97,104,3,NULL,NULL);
/*!40000 ALTER TABLE `category_product` ENABLE KEYS */;
UNLOCK TABLES;

--
-- Table structure for table `line_item`
--

DROP TABLE IF EXISTS `line_item`;
/*!40101 SET @saved_cs_client     = @@character_set_client */;
/*!40101 SET character_set_client = utf8 */;
CREATE TABLE `line_item` (
  `id` int(10) unsigned NOT NULL AUTO_INCREMENT,
  `order_id` int(11) NOT NULL,
  `product_id` int(11) NOT NULL,
  `name` varchar(255) COLLATE utf8mb4_unicode_ci NOT NULL,
  `price` float NOT NULL,
  `qty` int(11) NOT NULL,
  `created_at` timestamp NULL DEFAULT NULL,
  `updated_at` timestamp NULL DEFAULT NULL,
  PRIMARY KEY (`id`)
) ENGINE=InnoDB AUTO_INCREMENT=36 DEFAULT CHARSET=utf8mb4 COLLATE=utf8mb4_unicode_ci;
/*!40101 SET character_set_client = @saved_cs_client */;

--
-- Dumping data for table `line_item`
--

LOCK TABLES `line_item` WRITE;
/*!40000 ALTER TABLE `line_item` DISABLE KEYS */;
INSERT INTO `line_item` VALUES (5,1,1,'Zinnia',3,1,NULL,NULL),(6,2,1,'Zinnia',3,1,NULL,NULL),(7,3,1,'Zinnia',3,1,NULL,NULL),(8,4,1,'Zinnia',3,1,NULL,NULL),(9,5,1,'Zinnia',3,1,NULL,NULL),(10,6,1,'Zinnia',3,1,NULL,NULL),(11,7,1,'Zinnia',3,1,NULL,NULL),(12,8,1,'Zinnia',3,1,NULL,NULL),(13,9,1,'Zinnia',3,1,NULL,NULL),(14,10,1,'Zinnia',3,1,NULL,NULL),(15,11,1,'Zinnia',3,1,NULL,NULL),(16,12,1,'Zinnia',3,1,NULL,NULL),(17,13,1,'Zinnia',3,1,NULL,NULL),(18,14,1,'Zinnia',3,1,NULL,NULL),(19,15,1,'Zinnia',3,1,NULL,NULL),(20,16,1,'Zinnia',3,1,NULL,NULL),(21,17,1,'Zinnia',3,1,NULL,NULL),(22,18,7,'banana',6,1,NULL,NULL),(23,19,7,'banana',6,1,NULL,NULL),(24,20,7,'banana',6,1,NULL,NULL),(25,21,7,'banana',6,1,NULL,NULL),(26,22,7,'banana',6,1,NULL,NULL),(27,23,7,'banana',6,1,NULL,NULL),(28,24,7,'banana',6,1,NULL,NULL),(29,25,7,'banana',6,1,NULL,NULL),(30,26,7,'banana',6,1,NULL,NULL),(31,27,7,'banana',6,1,NULL,NULL),(32,28,7,'banana',6,1,NULL,NULL),(33,29,7,'banana',6,1,NULL,NULL),(34,30,7,'banana',6,1,NULL,NULL),(35,31,7,'banana',6,1,NULL,NULL);
/*!40000 ALTER TABLE `line_item` ENABLE KEYS */;
UNLOCK TABLES;

--
-- Table structure for table `migrations`
--

DROP TABLE IF EXISTS `migrations`;
/*!40101 SET @saved_cs_client     = @@character_set_client */;
/*!40101 SET character_set_client = utf8 */;
CREATE TABLE `migrations` (
  `id` int(10) unsigned NOT NULL AUTO_INCREMENT,
  `migration` varchar(191) COLLATE utf8mb4_unicode_ci NOT NULL,
  `batch` int(11) NOT NULL,
  PRIMARY KEY (`id`)
) ENGINE=InnoDB AUTO_INCREMENT=108 DEFAULT CHARSET=utf8mb4 COLLATE=utf8mb4_unicode_ci;
/*!40101 SET character_set_client = @saved_cs_client */;

--
-- Dumping data for table `migrations`
--

LOCK TABLES `migrations` WRITE;
/*!40000 ALTER TABLE `migrations` DISABLE KEYS */;
INSERT INTO `migrations` VALUES (97,'2014_10_12_000000_create_users_table',1),(98,'2014_10_12_100000_create_password_resets_table',1),(99,'2017_11_20_151457_create_category_table',1),(100,'2017_11_20_151752_create_product_category_table',1),(101,'2017_11_20_151943_create_product_table',1),(102,'2017_11_20_152229_create_supplier_table',1),(103,'2017_11_20_152343_create_review_table',1),(104,'2017_11_20_152511_create_order_table',1),(105,'2017_11_20_152629_create_user_order_table',1),(106,'2017_11_20_153121_create_line_item_table',1),(107,'2017_11_20_153225_create_transaction_table',1);
/*!40000 ALTER TABLE `migrations` ENABLE KEYS */;
UNLOCK TABLES;

--
-- Table structure for table `order`
--

DROP TABLE IF EXISTS `order`;
/*!40101 SET @saved_cs_client     = @@character_set_client */;
/*!40101 SET character_set_client = utf8 */;
CREATE TABLE `order` (
  `id` int(10) unsigned NOT NULL AUTO_INCREMENT,
  `subtotal` varchar(191) COLLATE utf8mb4_unicode_ci NOT NULL,
  `gst` varchar(191) COLLATE utf8mb4_unicode_ci NOT NULL,
  `pst` varchar(191) COLLATE utf8mb4_unicode_ci NOT NULL,
  `total` varchar(191) COLLATE utf8mb4_unicode_ci NOT NULL,
  `created_at` timestamp NULL DEFAULT NULL,
  `updated_at` timestamp NULL DEFAULT NULL,
  PRIMARY KEY (`id`)
) ENGINE=InnoDB AUTO_INCREMENT=4 DEFAULT CHARSET=utf8mb4 COLLATE=utf8mb4_unicode_ci;
/*!40101 SET character_set_client = @saved_cs_client */;

--
-- Dumping data for table `order`
--

LOCK TABLES `order` WRITE;
/*!40000 ALTER TABLE `order` DISABLE KEYS */;
INSERT INTO `order` VALUES (1,'6','5','8','6.78',NULL,NULL),(2,'10','5','8','11.30',NULL,NULL),(3,'5','5','8','5.65',NULL,NULL);
/*!40000 ALTER TABLE `order` ENABLE KEYS */;
UNLOCK TABLES;

--
-- Table structure for table `orders`
--

DROP TABLE IF EXISTS `orders`;
/*!40101 SET @saved_cs_client     = @@character_set_client */;
/*!40101 SET character_set_client = utf8 */;
CREATE TABLE `orders` (
  `id` int(10) NOT NULL AUTO_INCREMENT,
  `subtotal` float NOT NULL,
  `gst` float NOT NULL,
  `pst` float NOT NULL,
  `total` float NOT NULL,
  `users_id` int(10) NOT NULL,
  `first_name` varchar(150) NOT NULL,
  `last_name` varchar(255) NOT NULL,
  `email` varchar(150) NOT NULL,
  `phone` varchar(150) NOT NULL,
  `street` varchar(150) NOT NULL,
  `city` varchar(150) NOT NULL,
  `province` varchar(150) NOT NULL,
  `country` varchar(150) NOT NULL,
  `postal_code` varchar(150) NOT NULL,
  `transaction_status` varchar(150) NOT NULL,
  `shipping_status` varchar(150) NOT NULL,
  `created_at` timestamp NULL DEFAULT NULL,
  `updated_at` timestamp NULL DEFAULT NULL,
  PRIMARY KEY (`id`)
) ENGINE=InnoDB AUTO_INCREMENT=32 DEFAULT CHARSET=utf8;
/*!40101 SET character_set_client = @saved_cs_client */;

--
-- Dumping data for table `orders`
--

LOCK TABLES `orders` WRITE;
/*!40000 ALTER TABLE `orders` DISABLE KEYS */;
INSERT INTO `orders` VALUES (1,3,0.15,0.24,3.39,3,'Jayda','Brandt','jaydabrandt@gmail.com','123-123-1234','123 Street','Winnipeg','MB','Canada','R0A0C0','complete','pending','2017-12-04 18:12:42','2017-12-04 18:12:42'),(2,3,0.15,0.24,3.39,3,'Jayda','Brandt','jaydabrandt@gmail.com','123-123-1234','123 Street','Winnipeg','MB','Canada','R0A0C0','complete','pending','2017-12-04 18:14:55','2017-12-04 18:14:55'),(3,3,0.15,0.24,3.39,3,'Jayda','Brandt','jaydabrandt@gmail.com','123-123-1234','123 Street','Winnipeg','MB','Canada','R0A0C0','complete','pending','2017-12-04 18:16:15','2017-12-04 18:16:15'),(4,3,0.15,0.24,3.39,3,'Jayda','Brandt','jaydabrandt@gmail.com','123-123-1234','123 Street','Winnipeg','MB','Canada','R0A0C0','complete','pending','2017-12-04 18:16:42','2017-12-04 18:16:42'),(5,3,0.15,0.24,3.39,3,'Jayda','Brandt','jaydabrandt@gmail.com','123-123-1234','123 Street','Winnipeg','MB','Canada','R0A0C0','complete','pending','2017-12-04 18:17:50','2017-12-04 18:17:50'),(6,3,0.15,0.24,3.39,3,'Jayda','Brandt','jaydabrandt@gmail.com','123-123-1234','123 Street','Winnipeg','MB','Canada','R0A0C0','complete','pending','2017-12-04 18:20:28','2017-12-04 18:20:28'),(7,3,0.15,0.24,3.39,3,'Jayda','Brandt','jaydabrandt@gmail.com','123-123-1234','123 Street','Winnipeg','MB','Canada','R0A0C0','complete','pending','2017-12-04 18:21:40','2017-12-04 18:21:40'),(8,3,0.15,0.24,3.39,3,'Jayda','Brandt','jaydabrandt@gmail.com','123-123-1234','123 Street','Winnipeg','MB','Canada','R0A0C0','complete','pending','2017-12-04 18:23:22','2017-12-04 18:23:22'),(9,3,0.15,0.24,3.39,3,'Jayda','Brandt','jaydabrandt@gmail.com','123-123-1234','123 Street','Winnipeg','MB','Canada','R0A0C0','complete','pending','2017-12-04 18:25:21','2017-12-04 18:25:21'),(10,3,0.15,0.24,3.39,3,'Jayda','Brandt','jaydabrandt@gmail.com','123-123-1234','123 Street','Winnipeg','MB','Canada','R0A0C0','complete','pending','2017-12-04 18:25:48','2017-12-04 18:25:48'),(11,3,0.15,0.24,3.39,3,'Jayda','Brandt','jaydabrandt@gmail.com','123-123-1234','123 Street','Winnipeg','MB','Canada','R0A0C0','complete','pending','2017-12-04 18:29:53','2017-12-04 18:29:53'),(12,3,0.15,0.24,3.39,3,'Jayda','Brandt','jaydabrandt@gmail.com','123-123-1234','123 Street','Winnipeg','MB','Canada','R0A0C0','complete','pending','2017-12-04 18:30:20','2017-12-04 18:30:20'),(13,3,0.15,0.24,3.39,3,'Jayda','Brandt','jaydabrandt@gmail.com','123-123-1234','123 Street','Winnipeg','MB','Canada','R0A0C0','complete','pending','2017-12-04 18:30:32','2017-12-04 18:30:32'),(14,3,0.15,0.24,3.39,3,'Jayda','Brandt','jaydabrandt@gmail.com','123-123-1234','123 Street','Winnipeg','MB','Canada','R0A0C0','complete','pending','2017-12-04 18:30:37','2017-12-04 18:30:37'),(15,3,0.15,0.24,3.39,3,'Jayda','Brandt','jaydabrandt@gmail.com','123-123-1234','123 Street','Winnipeg','MB','Canada','R0A0C0','complete','pending','2017-12-04 18:32:35','2017-12-04 18:32:35'),(16,3,0.15,0.24,3.39,3,'Jayda','Brandt','jaydabrandt@gmail.com','123-123-1234','123 Street','Winnipeg','MB','Canada','R0A0C0','complete','pending','2017-12-04 18:32:42','2017-12-04 18:32:42'),(17,3,0.15,0.24,3.39,3,'Jayda','Brandt','jaydabrandt@gmail.com','123-123-1234','123 Street','Winnipeg','MB','Canada','R0A0C0','complete','pending','2017-12-04 21:20:27','2017-12-04 21:20:27'),(18,6,0.3,0.48,6.78,3,'Jayda','Brandt','jaydabrandt@gmail.com','123-123-1234','123 Street','Winnipeg','MB','Canada','R0A0C0','complete','pending','2017-12-05 00:27:03','2017-12-05 00:27:03'),(19,6,0.3,0.48,6.78,3,'Jayda','Brandt','jaydabrandt@gmail.com','123-123-1234','123 Street','Winnipeg','MB','Canada','R0A0C0','complete','pending','2017-12-05 00:28:15','2017-12-05 00:28:15'),(20,6,0.3,0.48,6.78,3,'Jayda','Brandt','jaydabrandt@gmail.com','123-123-1234','123 Street','Winnipeg','MB','Canada','R0A0C0','complete','pending','2017-12-05 00:28:33','2017-12-05 00:28:33'),(21,6,0.3,0.48,6.78,3,'Jayda','Brandt','jaydabrandt@gmail.com','123-123-1234','123 Street','Winnipeg','MB','Canada','R0A0C0','complete','pending','2017-12-05 00:29:11','2017-12-05 00:29:11'),(22,6,0.3,0.48,6.78,3,'Jayda','Brandt','jaydabrandt@gmail.com','123-123-1234','123 Street','Winnipeg','MB','Canada','R0A0C0','complete','pending','2017-12-05 00:29:24','2017-12-05 00:29:24'),(23,6,0.3,0.48,6.78,3,'Jayda','Brandt','jaydabrandt@gmail.com','123-123-1234','123 Street','Winnipeg','MB','Canada','R0A0C0','complete','pending','2017-12-05 00:30:32','2017-12-05 00:30:32'),(24,6,0.3,0.48,6.78,3,'Jayda','Brandt','jaydabrandt@gmail.com','123-123-1234','123 Street','Winnipeg','MB','Canada','R0A0C0','complete','pending','2017-12-05 00:30:40','2017-12-05 00:30:40'),(25,6,0.3,0.48,6.78,3,'Jayda','Brandt','jaydabrandt@gmail.com','123-123-1234','123 Street','Winnipeg','MB','Canada','R0A0C0','complete','pending','2017-12-05 00:37:06','2017-12-05 00:37:06'),(26,6,0.3,0.48,6.78,3,'Jayda','Brandt','jaydabrandt@gmail.com','123-123-1234','123 Street','Winnipeg','MB','Canada','R0A0C0','complete','pending','2017-12-05 00:37:39','2017-12-05 00:37:39'),(27,6,0.3,0.48,6.78,3,'Jayda','Brandt','jaydabrandt@gmail.com','123-123-1234','123 Street','Winnipeg','MB','Canada','R0A0C0','complete','pending','2017-12-05 00:46:41','2017-12-05 00:46:41'),(28,6,0.3,0.48,6.78,3,'Jayda','Brandt','jaydabrandt@gmail.com','123-123-1234','123 Street','Winnipeg','MB','Canada','R0A0C0','complete','pending','2017-12-05 00:49:11','2017-12-05 00:49:11'),(29,6,0.3,0.48,6.78,3,'Jayda','Brandt','jaydabrandt@gmail.com','123-123-1234','123 Street','Winnipeg','MB','Canada','R0A0C0','complete','pending','2017-12-05 00:50:47','2017-12-05 00:50:47'),(30,6,0.3,0.48,6.78,3,'Jayda','Brandt','jaydabrandt@gmail.com','123-123-1234','123 Street','Winnipeg','MB','Canada','R0A0C0','complete','pending','2017-12-05 00:51:15','2017-12-05 00:51:15'),(31,6,0.3,0.48,6.78,3,'Jayda','Brandt','jaydabrandt@gmail.com','123-123-1234','123 Street','Winnipeg','MB','Canada','R0A0C0','complete','pending','2017-12-05 00:51:33','2017-12-05 00:51:33');
/*!40000 ALTER TABLE `orders` ENABLE KEYS */;
UNLOCK TABLES;

--
-- Table structure for table `password_resets`
--

DROP TABLE IF EXISTS `password_resets`;
/*!40101 SET @saved_cs_client     = @@character_set_client */;
/*!40101 SET character_set_client = utf8 */;
CREATE TABLE `password_resets` (
  `email` varchar(191) COLLATE utf8mb4_unicode_ci NOT NULL,
  `token` varchar(191) COLLATE utf8mb4_unicode_ci NOT NULL,
  `created_at` timestamp NULL DEFAULT NULL,
  KEY `password_resets_email_index` (`email`)
) ENGINE=InnoDB DEFAULT CHARSET=utf8mb4 COLLATE=utf8mb4_unicode_ci;
/*!40101 SET character_set_client = @saved_cs_client */;

--
-- Dumping data for table `password_resets`
--

LOCK TABLES `password_resets` WRITE;
/*!40000 ALTER TABLE `password_resets` DISABLE KEYS */;
INSERT INTO `password_resets` VALUES ('moraesg@gmail.com','$2y$10$Yp.xDXnHNYTXVvd0mqntxeYHeR5wQJqjW.1z00D7XnPApNgjwZFR2','2017-12-04 20:44:03');
/*!40000 ALTER TABLE `password_resets` ENABLE KEYS */;
UNLOCK TABLES;

--
-- Table structure for table `product`
--

DROP TABLE IF EXISTS `product`;
/*!40101 SET @saved_cs_client     = @@character_set_client */;
/*!40101 SET character_set_client = utf8 */;
CREATE TABLE `product` (
  `id` int(10) unsigned NOT NULL AUTO_INCREMENT,
  `name` varchar(191) COLLATE utf8mb4_unicode_ci NOT NULL,
  `file_name` varchar(191) COLLATE utf8mb4_unicode_ci NOT NULL,
  `seed` tinyint(1) NOT NULL,
  `price` float NOT NULL,
  `quantity` int(11) NOT NULL,
  `short_description` text COLLATE utf8mb4_unicode_ci NOT NULL,
  `long_description` text COLLATE utf8mb4_unicode_ci,
  `supplier_id` int(11) NOT NULL,
  `created_at` timestamp NULL DEFAULT NULL,
  `updated_at` timestamp NULL DEFAULT NULL,
  `category_id` int(11) DEFAULT NULL,
  `published` tinyint(1) DEFAULT NULL,
  PRIMARY KEY (`id`)
) ENGINE=InnoDB AUTO_INCREMENT=105 DEFAULT CHARSET=utf8mb4 COLLATE=utf8mb4_unicode_ci;
/*!40101 SET character_set_client = @saved_cs_client */;

--
-- Dumping data for table `product`
--

LOCK TABLES `product` WRITE;
/*!40000 ALTER TABLE `product` DISABLE KEYS */;
INSERT INTO `product` VALUES (1,'Zinnia','flowers/zinnia.jpg',1,3,4,'Zinnia is a genus of plants of the sunflower tribe within the daisy family.','They are native to scrub and dry grassland in an area stretching from the South-western United States to South America, with a centre of diversity in Mexico. Zinnias are annuals, shrubs, and sub-shrubs native primarily to North America, with a few species in South America. Most species have upright stems but some have a lax habit with spreading stems that mound over the surface of the ground. The flowers have a range of appearances, from a single row of petals to a dome shape. Zinnias may be white, chartreuse, yellow, orange, red, purple, or lilac',2,NULL,'2017-11-30 17:29:48',1,1),(2,'Cordyline','trees_and_shrubs/cordyline.jpg',0,10,2,'The genus Cordyline is comprised of 15 species of evergreen shrubs and tree-like, woody perennials from Southeast Asia and the Pacific.','The genus Cordyline is comprised of 15 species of evergreen shrubs and tree-like, woody perennials from Southeast Asia and the Pacific. The larger perennials resemble palm trees. Long, leathery leaves are produced in tufts or rosettes. Flowers are cup-shaped and sweet-smelling, sometimes produced in large terminal panicles. Round white, red, blue, or purple berries follow. Cabbage palms are good as houseplants or grown in a greenhouse. In warmer areas, they can be used as specimen plants, in a border, or in a courtyard garden.\r\nNoteworthy characteristics: Leathery, lance-shaped leaves. Fragrant flowers.\r\nCare: In the garden, grow in fertile, well-drained soil in full sun or partial shade. Under glass, grow green-leaved species in full light and species with colored foliage in bright filtered or indirect light. Water sparingly in winter.\r\nPropagation: In spring, sow seed at 61°F or remove well-rooted suckers.',1,NULL,'2017-11-30 19:19:05',1,1),(3,'Apple','fruits/apple.jpg',0,3,10,'red delicious apples','The round fruit of a tree of the rose family, which typically has thin red or green skin and crisp flesh.',2,NULL,NULL,NULL,1),(4,'apricot','fruits/apricot.jpg',0,6,5,'apricot','a juicy, soft fruit, resembling a small peach, of an orange-yellow color.',2,NULL,NULL,NULL,1),(5,'asian_pear','fruits/asian_pear.jpg',0,6,2,'asian pear','the crisp apple-shaped fruit of a tree that is native to Japan and China and cultivated in Australia and New Zealand.',2,NULL,NULL,NULL,1),(6,'avocado','fruits/avocado.jpg',0,6,12,'avocado','the tropical evergreen tree that bears the avocado. It is native to Central America and widely cultivated elsewhere.',2,NULL,NULL,NULL,1),(7,'banana','fruits/banana.jpg',0,6,5,'banana','the tropical and subtropical treelike plant that bears this fruit. It has very large leaves and resembles a palm, but lacks a woody trunk.',2,NULL,NULL,NULL,1),(8,'blackberry','fruits/blackberry.jpg',0,6,7,'blackberry','the prickly climbing shrub of the rose family that bears this fruit and that grows extensively in the wild.',2,NULL,NULL,NULL,1),(9,'blueberry','fruits/blueberry.jpg',0,6,9,'blueberry','a hardy dwarf shrub of the heath family, with small, whitish drooping flowers and dark blue edible berries.',2,NULL,NULL,NULL,1),(10,'carambola','fruits/carambola.jpg',0,6,0,'carambola','the small tropical tree which bears the carambola fruits.',2,NULL,NULL,NULL,1),(11,'cherries','fruits/cherries.jpg',0,6,2,'cherries','the tree that bears the cherry.',2,NULL,NULL,NULL,1),(12,'grapes','fruits/grapes.jpg',0,6,14,'grapes','a berry, typically green (classified as white), purple, red, or black, growing in clusters on a grapevine, eaten as fruit, and used in making wine.',2,NULL,NULL,NULL,1),(13,'guava','fruits/guava.jpg',0,6,2,'guava','the small tropical American tree that bears the guava.',2,NULL,NULL,NULL,1),(14,'kiwifruit','fruits/kiwifruit.jpg',0,6,6,'kiwifruit','the edible fruit of a Chinese gooseberry having a fuzzy brown skin and slightly acidic typically green flesh',2,NULL,NULL,NULL,1),(15,'lychee','fruits/lychee.jpg',0,3,10,'lychee','a small rounded fruit with sweet white scented flesh, a large central stone, and a thin rough skin. ',2,NULL,NULL,NULL,1),(16,'mango','fruits/mango.jpg',0,6,4,'mango','the evergreen Indian tree of the cashew family that bears this fruit, widely cultivated in the tropics.',2,NULL,NULL,NULL,1),(17,'oranges','fruits/oranges.jpg',0,6,3,'oranges','the leathery-leaved evergreen tree that bears the orange, native to warm regions of south and Southeast Asia. Oranges are a major commercial crop in many warm regions of the world.',2,NULL,NULL,NULL,1),(18,'papaya','fruits/papaya.jpg',0,6,6,'papaya','the fast-growing tree that bears the papaya, native to warm regions of America. It is widely cultivated for its fruit, both for eating and for papain production.',2,NULL,NULL,NULL,1),(19,'passionfruit','fruits/passionfruit.jpg',0,6,22,'passionfruit','the edible purple fruit of a kind of passionflower that is grown commercially, especially in tropical America.',2,NULL,NULL,NULL,1),(20,'pears','fruits/pears.jpg',0,6,1,'pears','the Eurasian tree that bears the pear',2,NULL,NULL,NULL,1),(21,'pineapple','fruits/pineapple.jpg',0,6,4,'pineapple','the widely cultivated tropical American plant that bears this fruit. It is low-growing, with a spiral of spiny sword-shaped leaves on a thick stem.',2,NULL,NULL,NULL,1),(22,'pitaya','fruits/pitaya.jpg',0,6,1,'pitaya','any of several cacti of the genus Lemaireocereus and related genera, of the southwestern U.S. and Mexico, bearing edible fruit.',2,NULL,NULL,NULL,1),(23,'plum','fruits/plum.jpg',0,6,5,'plum','the deciduous tree that bears the plum.',2,NULL,NULL,NULL,1),(24,'pomegranate','fruits/pomegranate.jpg',0,6,6,'pomegranate','\nthe tree that bears the pomegranate, which is native to North Africa and western Asia and has long been cultivated',2,NULL,NULL,NULL,1),(25,'raspberry','fruits/raspberry.jpg',0,6,2,'raspberry','the plant that yields the raspberry, forming tall, stiff, prickly stems (canes)',2,NULL,NULL,NULL,1),(26,'strawberry','fruits/strawberry.jpg',0,6,16,'strawberry','the low-growing plant that produces the strawberry, having white flowers, lobed leaves, and runners, and found throughout north temperate regions',2,NULL,NULL,NULL,1),(27,'watermelon','fruits/watermelon.jpg',0,6,12,'watermelon','the large melonlike fruit of a plant of the gourd family, with smooth green skin, red pulp, and watery juice.',2,NULL,NULL,NULL,1),(28,'asparagus','vegetables/asparagus.jpg',0,5,4,'asparagus','Good weather or bad, depend on Supreme to furnish a bumper crop of uniform, mild, tenderly delicious spears that you can eat fresh or freeze for future use. The hardy 4\' plants thrive in light to medium soils and adapt nicely to different climates.',1,NULL,NULL,NULL,1),(29,'baby_eggplant','vegetables/baby_eggplant.jpg',0,5,4,'Early-yielding All-America Selection, perfect for patios.','a prodigiously prolific dwarf eggplant, offers up a summerlong harvest, each plant producing 25 to 50 luscious babies. ',1,NULL,NULL,NULL,1),(30,'beans','vegetables/beans.jpg',0,5,4,'Enjoy multiple harvests of uniform, stringless pods from this robust climber! ','Grace your garden with Seychelles and enjoy multiple harvests of uniform, stringless pods from this robust climber! An All-America Selections Winner, Seychelles produces bushels of beans on vigorous, dark-green vines. Ideal for canning and all your favorite recipes. Poles or trellis systems make for longer cropping periods, greater yields, and easier harvesting on these 79\' plants.',1,NULL,NULL,NULL,1),(31,'beetroot','vegetables/beetroot.jpg',0,5,4,'Unbeatable beets: dark red, extremely sweet flesh.',NULL,1,NULL,NULL,NULL,1),(32,'bell_peppers','vegetables/bell_peppers.jpg',0,5,4,'bell_peppers',NULL,1,NULL,NULL,NULL,1),(33,'bitter','vegetables/bitter.jpg',0,5,4,'bitter',NULL,1,NULL,NULL,NULL,1),(34,'black_eggplant','vegetables/black_eggplant.jpg',0,5,4,'Smooth, very attractive, Japanese type with fine flavor.','Slender fruits, 2\" across, 8 to 10\" long, are borne early on upright plants. Proven tops for performance, flavour and wide adaptability. The stunning eggplant is as easy to grow as peppers but thrives in hotter weather. Days to maturity is figured from the time you set plants in the garden. Add 6 to 8 weeks to raise transplants from seed. Space plants 2 to 3\' apart.',1,NULL,NULL,NULL,1),(35,'broccoli','vegetables/broccoli.jpg',0,5,4,'broccoli','Broccoli Gypsy is very adaptable variety with strong root system for summer or autumn growing in the garden, and provides uniform well-domed heads with a medium-small bead size and medium-sized stem. Large, healthy plants tolerate heat and are intermediate resistant to downy mildew. ',1,NULL,NULL,NULL,1),(36,'cabbage','vegetables/cabbage.jpg',0,5,4,'Longtime favorite with a distinctly sweet flavor: great for salads and slaws.','Quickly produces large, dense, elongated 7\" heads, with a distinctly sweet flavor that is ideal for eating raw in salads and slaws, cooking or pickling. Weighing 2-3 lb., the heads have a small core and good protective wrapper leaves.',1,NULL,NULL,NULL,1),(37,'carrot','vegetables/carrot.jpg',0,5,4,'Super-carrot has landed!','Easy to grow and full of vitamins, Burpee A#1 has more flavor and sugar than other carrots, plus it has twice the vitamin A. It\'s super-sized too-10-12\" long, yet still tender and juicy. ',1,NULL,NULL,NULL,1),(38,'cauliflower','vegetables/cauliflower.jpg',0,5,4,'High quality variety from France.','An early maturing, flavourful 6\" snow white heads grow to 3-5 lbs.This high quality variety developed in France will develop good leaf coverage and is suitable for both spring or fall plantings.',1,NULL,NULL,NULL,1),(39,'chili','vegetables/chili.jpg',0,5,4,'chili',NULL,1,NULL,NULL,NULL,1),(40,'coriander','vegetables/coriander.jpg',0,5,4,'Use pungent leaves (Cilantro) in Asian and Mexican dishes.','Use pungent leaves (cilantro) in Asian and Mexican dishes. The seeds (coriander) are used to make curry powder and in sausages. Start outdoors after danger of frost',1,NULL,NULL,NULL,1),(41,'corn','vegetables/corn.jpg',0,5,4,'Your eyes will not believe your ears!','Jaws is an SH2 and the key to success with this hybrid is to double-sow. Two seeds per hole must be planted 2\" deep in soil 70 degrees or warmer for best germination. ',1,NULL,NULL,NULL,1),(42,'green_squash','vegetables/green_squash.jpg',0,5,4,'green_squash',NULL,1,NULL,NULL,NULL,1),(43,'okra','vegetables/okra.jpg',0,5,4,'The most popular okra on the market.','This 1939 All-America Selections winner is still the most popular variety on the market. The vigorous, 4-ft. high plants produce an abundance of dark green, grooved pods without spines. Best picked when 2.5 to 3\" long. ',1,NULL,NULL,NULL,1),(44,'onion','vegetables/onion.jpg',0,5,4,'onion',NULL,1,NULL,NULL,NULL,1),(45,'peas','vegetables/peas.jpg',0,5,4,'peas',NULL,1,NULL,NULL,NULL,1),(46,'potato','vegetables/potato.jpg',0,5,4,'Create a garden gold rush with these flavourful, yellow-skinned and yellow-fleshed potatoes','Potatoes are perfect for browning or your favourite recipe. All mini-tubers come from disease-free, certified seed potatoes. Easy-to-follow planting and culture guide included',1,NULL,NULL,NULL,1),(47,'pumpkins','vegetables/pumpkins.jpg',0,5,4,'Plant, harvest and enjoy this delicious seed snack, with many health benefits!','Each plant produces numerous, medium sized (9  12 pounds) pumpkins on healthy, disease resistant vines. In addition to the healthy seed snack this variety of pumpkin produces beautiful orange fruits that at maturity have decorative green stripes.',1,NULL,NULL,NULL,1),(48,'radish','vegetables/radish.jpg',0,5,4,'Heirloom treasure from China.','White Glob is a beautiful antique treasure from China with large 3-3 1/2\" round roots that are creamy white outside with a full central burst of watermelon rose. Flesh is crispy and mild, with a sweet flavor perfect for salads, garnishes or cooking. Best sown in late summer for fall crop.',1,NULL,NULL,NULL,1),(49,'spinach','vegetables/spinach.jpg',0,5,4,'Smooth Leaved Three Season Spinach Vigorous, fine tasting salad and boiling spinach','Hybrid. This is a true three season spinach: heat tolerant and slow bolting, yet also resistant to the mildew that makes fall spinach so chancy. Quick growing -- ready in 40 days or less. Upright habit with smooth, rounded dark green leaves. High nutrition crop that freezes well, blanched and packed in airtight bags',1,NULL,NULL,NULL,1),(50,'sweet_pumpkin','vegetables/sweet_pumpkin.jpg',0,5,4,'The pumpkin of pumpkins. Grows up to 200 lb.','Given the right conditions-proper care and attention, full-sun location; soil that\'s deeply tilled, high in humus, has adequate moisture and with a pH of 6.5-7.0-your pumpkins can range in the vicinity of 200 lb. Abundant and balanced fertilizer applications are key to producing these giants of the pumpkin world..',1,NULL,NULL,NULL,1),(51,'tomato','vegetables/tomato.jpg',0,5,4,'First-ever beefsteaks for porches and decks in warm, sunny conditions everywhere.','New bushy, compact Atlas plants easily shoulder their bountiful loads of one-pound tomatoes. This vigorous, neatly growing paragon of the patio combines modern performance with old-time flavour. Fruits deliver unsurpassed balance of sweetness and acidity.',1,NULL,NULL,NULL,1),(52,'trang','vegetables/trang.jpg',0,5,4,'trang',NULL,1,NULL,NULL,NULL,1),(53,'Acacia','flowers/acacia.jpg',0,5,8,'Potted plant, Certified Organically Grown, Native to Arabia, growing to 30 feet tall.','Source of gum Arabic, which exudes from the trunk and branches of the tree during hot weather or when the bark is incised.  Gum Arabic is used extensively in candies, confections, and gum, as well as in baking and cookery, paint manufacture.  Traditional usage (TWM):  a thickening agent and antidiarrheal.  The classic spreading form of this drought tolerant tree is accentuated by the presence ot aromatic yellow flowers. This is a spiny tree.  Tree prefers full sun and fast draining soil. Plant at least 15 feet apart.',1,NULL,NULL,1,1),(54,'Azalea','flowers/azalea.jpg',1,8,20,'20 seeds per packet, Certified Organically Grown','Herbaceous perennial produces bushy, shining compound leaves and orange-scented flowers in handsome, pyramidal spikes that emit flammable puffs of essential oil on hot summer evenings. The seed pods are sticky with aromatic resin, and they forcibly eject the shiny, black seeds to a distance (this has never been an easy pick). The dried root bark or leaves are used to produce a cordial infusion for calming the stomach.  Sow the seed in the fall for germination in the spring.',1,NULL,NULL,2,1),(55,'Begonia','flowers/begonia.jpg',1,2,12,'Easy-to-grow annual does well in a variety of conditions and needs little to thrive.','Known as wax begonias or bedding begonias, annual begonia plants (Begonia semperflorens) grow quickly and easily fill in spaces in the garden that will benefit from attractive foliage and frilly flowers. They can be a focal point when planted in mass and are excellent specimens for container combinations. Annual begonia plants are also deer resistant, so keep them in mind for trouble spots in the landscape. Plant wax begonias in a full sun to shaded location.',2,NULL,NULL,2,1),(56,'Blossom','flowers/blossom.jpg',1,3,3,'Yellow roses, white alstroemeria, purple carnations, lavender stock and lavender cushion spray chrysanthemums are accented by fresh huckleberry and lemon leaf.','Blossom is the fragrant flower of the Citrus sinensis (orange tree). It is used in perfume making, has been written about as an aphrodisiac and is the state flower of Florida. Orange blossom essence is an important component in the making of perfume. The petals of orange blossom can also be made into the delicately scented orange flower water (as an alternative to rose water), a common part of both French cuisine and Middle Eastern cuisine (most often as an ingredient in desserts and baked goods).\r\nblossom honey (citrus honey) is produced by putting beehives in the citrus groves during blooming period. This also pollinates seeded citrus varieties. Orange blossom honey is highly prized and tastes much like the fruit.',1,NULL,NULL,2,1),(57,'Bluebell','flowers/bluebell.jpg',1,4,18,'Beautiful blooms such as blue hydrangea, crème roses.','In this arrangement, the serenity of the color blue along with the purity of intention symbolized by white will let the family know you are sending your calm strength to them during these difficult times.\r\nBeautiful blooms such as blue hydrangea, crème roses, white lilies and alstroemeria along with yellow and white chrysanthemums, eucalyptus, limonium and more are beautifully arranged in a dazzling cobalt blue vase.',2,NULL,NULL,2,1),(62,'Camellia','flowers/camellia.jpg',1,1,5,'Camellia is a genus of flowering plants in the family Theaceae.','Light orange roses, orange spray rosesThey are found in eastern and southern Asia, from the Himalayas east to Japan and Indonesia. There are 100–300 described species, with some controversy over the exact number. There are also around 3,000 hybrids. The genus was named by Linnaeus after the Jesuit botanist Georg Joseph Kamel, who worked in the Philippines and described a species of camellia (although Linnaeus did not refer to Kamel\'s account when discussing the genus).',1,NULL,NULL,NULL,1),(65,'Carnation','flowers/carnation.jpg',1,5,13,'Carnations, the three most common are the annual carnations, border carnations and perpetual-flowering carnations.','Carnations are also commonly referred to by their scientific name, \"Dianthus\", the name given by the Greek botanist Theopharastus. Carnations got the name Dianthus from two Greek Words - \"dios\", referring to the god Zeus, and \"anthos\", meaning flower. Carnations are thus known as the \"The Flowers of God\".',1,'2017-11-30 16:36:45','2017-11-30 16:36:45',NULL,1),(66,'Dahlia','flowers/dahlia.jpg',1,6,1,'Dahlias are colorful spiky flowers which generally bloom from midsummer to first frost, when many other plants are past their best.','In the cold climates of North America, dahlias are known as tuberous-rooted tender perennials, grown from small, brown, biennial tubers planted in the spring. \r\nDahlias come in a rainbow of colors and even range in size, from the giant 10-inch “dinnerplate” blooms to the 2-inch lollipop-style pompons. Most varieties grow 4 to 5 feet tall.\r\nThough not well suited to extremely hot and humid climates, such as much of Texas and Florida, dahlias brighten up any sunny garden with a growing season that’s at least 120 days long. Dahlias thrive in the cool, moist climates of the Pacific Coast, where blooms may be an inch larger and deeper.',2,'2017-11-30 16:37:29','2017-11-30 16:37:29',NULL,1),(67,'Flora','flowers/flora.jpg',1,2,9,'Flora is a unique floral design studio based in Lambertville, NJ.','Flora is the plant life occurring in a particular region or time, generally the naturally occurring or indigenous—plant life. The corresponding term for animal life is fauna. Flora, fauna and other forms of life such as fungi are collectively referred to as biota. Sometimes bacteria and fungi are also referred to as flora, as in the terms gut flora or skin flora.',1,'2017-11-30 16:38:03','2017-11-30 16:38:03',NULL,1),(68,'Indigo','flowers/indigo.jpg',1,3,5,'Indigo is a deep and rich color close to the color wheel blue.','It is traditionally regarded as a color in the visible spectrum, as well as one of the seven colors of the rainbow: the color between blue and violet; however, sources differ as to its actual position in the electromagnetic spectrum.\r\nThe color indigo is named after the indigo dye derived from the plant Indigofera tinctoria and related species.',2,'2017-11-30 16:39:27','2017-11-30 16:39:27',NULL,1),(69,'Lotus','flowers/lotus.jpg',1,3,9,'Nelumbo nucifera, also known as Indian lotus, sacred lotus, bean of India,','Egyptian bean or lotus is one of two extant species of aquatic plant in the family Nelumbonaceae. The Linnaean binomial Nelumbo nucifera (Gaertn.) is the currently recognized name for this species, which has been classified under the former names, Nelumbium speciosum (Wild) and Nymphaea nelumbo, among others. (These names are obsolete synonyms and should be avoided in current works.) This plant is an aquatic perennial. Under favorable circumstances its seeds may remain viable for many years, with the oldest recorded lotus germination being from that of seeds 1,300 years old recovered from a dry lakebed in north-eastern China.',2,'2017-11-30 16:42:24','2017-11-30 16:42:24',NULL,1),(70,'Narcissus','flowers/narcissus.jpg',1,1,10,'Narcissus has conspicuous flowers with six petal-like tepals.','The flowers are generally white or yellow (also orange or pink in garden varieties), with either uniform or contrasting coloured tepals or corona.\r\nNarcissus were well known in ancient civilisation, both medicinally and botanically, but formally described by Linnaeus in his Species Planetarium (1753). The genus is generally considered to have about ten sections with approximately 50 species. The number of species has varied, depending on how they are classified, due to similarity between species and hybridization.',1,'2017-11-30 16:44:17','2017-11-30 16:44:17',NULL,1),(71,'Petals','flowers/petal.jpg',1,2.5,4,'Petals are modified leaves that surround the reproductive parts of flowers.','They are often brightly colored or unusually shaped to attract pollinators. Together, all of the petals of a flower are called a corolla. Petals are usually accompanied by another set of special leaves called sepals, that collectively form the calyx and lie just beneath the corolla. The calyx and the corolla together make up the perianth.',1,'2017-11-30 16:46:11','2017-11-30 17:23:04',NULL,1),(72,'Petunia','flowers/petunia.jpg',1,4,6,'Petunia is genus of 35 species of flowering plants of South American origin,','Petunia closely related to tobacco, cape gooseberries, tomatoes, deadly nightshades, potatoes and chili peppers in the same family, Solanaceae.it is a genus in the family Solanaceae, subfamily Petunioideae. Well known members of Solanaceae in other subfamilies include tobacco (Nicotianoideae), and the cape gooseberry, tomato, potato, deadly nightshades and chili pepper (Solanoideae). Some botanists place the plants of the genus Calibrachoa in the genus Petunia, but this is not accepted by others.',2,'2017-11-30 17:23:37','2017-11-30 17:23:37',NULL,1),(73,'Poppy','flowers/poppy.jpg',1,1,20,'A poppy is a flowering plant in the subfamily Papaveroideae of the family Papaveraceae.','Poppies are herbaceous plants, often grown for their colourful flowers. One species of poppy, Papaver somniferum, is the source of the crude drug opium which contains powerful medicinal alkaloids such as morphine and has been used since ancient times as an analgesic and narcotic medicinal and recreational drug. It also produces edible seeds. Following the trench warfare in the poppy fields of Flanders during World War I, poppies have become a symbol of remembrance of soldiers who have died during wartime.',2,'2017-11-30 17:24:26','2017-11-30 17:24:26',NULL,1),(74,'Ren','flowers/ren.jpg',1,2,15,'Renanthera is a monopodial genus from Southeast Asia, where weather and temperatures are optimal for a growth habit which has no pseudo bulbs for water storage.','The plants of some species are long and vining, others may be only 6-8 inches tall at maturity, and with a very short length of stem between alternating leaves. Most species are epiphytic, but several may be lithophytic. Some of the more vining species begin their lives as terrestrial seedlings germinated among the mycorrhizal fungi in dead logs and humus.',2,'2017-11-30 17:25:13','2017-11-30 17:25:13',NULL,1),(75,'Rose','flowers/rose.jpg',1,5,6,'A rose is a woody perennial flowering plant of the genus Rosa, in the family Rosaceae, or the flower it bears.','There are over a hundred species and thousands of cultivars. They form a group of plants that can be erect shrubs, climbing or trailing with stems that are often armed with sharp prickles. Flowers vary in size and shape and are usually large and showy, in colours ranging from white through yellows and reds. Most species are native to Asia, with smaller numbers native to Europe, North America, and north-western Africa.',2,'2017-11-30 17:25:39','2017-11-30 17:25:39',NULL,1),(76,'Saffron','flowers/saffron.jpg',1,3.5,14,'Saffron  is a spice derived from the flower of Crocus sativus, commonly known as the \"saffron crocus\".','The vivid crimson stigmas and styles, called threads, are collected and dried to be used mainly as a seasoning and colouring agent in food. Saffron, long among the world\'s most costly spices by weight, was probably first cultivated in or near Greece. Saffron\'s taste and iodoform or hay-like fragrance result from the chemicals picrocrocin and safranal. It also contains a carotenoidpigment, crocin, which imparts a rich golden-yellow hue to dishes and textiles. Its recorded history is attested in a 7th-century BC Assyrianbotanical treatise compiled under Ashurbanipal, and it has been traded and used for over four millennia. Iran now accounts for approximately 90% of the world production of saffron.',1,'2017-11-30 17:26:11','2017-11-30 17:26:11',NULL,1),(77,'Sorrel','flowers/sorrel.jpg',1,2.05,4,'Flowering sorrel. Common sorrel or garden sorrel (Rumex acetosa), often simply called sorrel, is a perennial herb in the family Polygonaceae.','Sorrel is a slender herbaceous perennial plant about 60 centimetres (24 in) high, with roots that run deep into the ground, as well as juicy stems and edible, arrow-shaped (sagittate) leaves. The leaves, when consumed raw, have a sour taste. The lower leaves are 7 to 15 centimetres (2.8 to 5.9 in) in length with long petioles and a membranous ocrea formed of fused, sheathing stipules. The upper ones are sessile, and frequently become crimson. It has whorled spikes of reddish-green flowers, which bloom in early summer, becoming purplish. The species is dioecious, with stamens and pistils on different plants',1,'2017-11-30 17:26:37','2017-11-30 17:26:37',NULL,1),(78,'Spike Petal','flowers/spike_petal.jpg',1,5,8,'Irregular petals: lipped, lopsided, not symmetrical. Flower ... cluster or spike of flowers (a spike is a long cluster, with the flowers along the stem)','An inflorescence is a group or cluster of flowers arranged on a stem that is composed of a main when flowers start to mature from the top of the stem, maturation is basipetal, while when the central mature first, divergent. Determinate ... A spike is a type of raceme with flowers that do not have a pedicel. Their tempting scent attracts insects to the hinged lip of the petal where the flying bird-like flowers grow along a single spike.',1,'2017-11-30 17:27:08','2017-11-30 17:27:08',NULL,1),(79,'Tiger Lilies','flowers/tiger_lilies.jpg',1,8,20,'The Tiger Lily, bears large, fiery orange flowers covered by spots. The nametiger probably refers to the spots on the petals.','The Tiger Lily is known by a host of different names in different parts of the world. Some of the synonyms are: Lilium tigrinum, Devil Lily, Kentan, Lilium lancifolium, Leopard Lily, Pine Lily, Lilium catesbaei, Columbia lily, Oregon Lily, Western Wood Lily, Chalice-Cup Lily, Western Red Lily, etc. The flowers of this perennial can grow up to three inches in width. The Tiger Lily is also known as the Ditch Lily as it is found in and around ditches in large parts of America.',1,'2017-11-30 17:27:39','2017-11-30 17:27:39',NULL,1),(80,'Violets','flowers/violet.jpg',1,1.5,7,'Violets (Viola) are a genus of Spring flowering plants in the family Violaceae.','The word \'Violet\' comes from the Latin name \'Viola\'. Ordinary Violets, Common Blue Violets, Sweet violets and Garden violets are some of the popular varieties of violets. Most Violets are small perennial plants, but a few are annual plants and some are small shrubs.\r\nThere are around 400-500 species of Violets in the genus. Violets are native to the temperate Northern Hemisphere and are also distributed in Hawaii, Australasia, and the Andes in South America. Violets are found in moist and slightly shaded conditions such as hedgerows.',1,'2017-11-30 17:28:24','2017-11-30 17:28:47',NULL,1),(81,'White Rose','flowers/white_rose.jpg',1,3.75,12,'The White Rose (weisserose), named after a Spanish novel (Rosa Blanco).','The White Rose (German: die Weiße Rose) was a non-violent, intellectual resistance group in Nazi Germany led by a group of students and a professor at the University of Munich. The group conducted an anonymous leaflet and graffiti campaign which called for active opposition to the Nazi regime. Their activities started in Munich on June 27th, 1942, and ended with the arrest of the core group by the Gestapo on February 18th, 1943. They, as well as other members and supporters of the group who carried on distributing the pamphlets, faced show trials by the Nazi People\'s Court (Volksgerichtshof), and many of them were sentenced to death or imprisonment.',1,'2017-11-30 17:29:20','2017-11-30 17:29:20',NULL,1),(82,'Abies Koreana','trees_and_shrubs/abies_koreana.jpg',1,7,20,'Best grown in rich, consistently moist, slightly acidic, well-drained soils in full sun to part shade. Likes cool locations.','Abies koreana, commonly called Korean fir, is a compact, conical to pyramidal evergreen conifer that slowly grows over time to as much as 50\' tall. Branches are densely clad with short but broad needles (to 3/4\" long) that are shiny dark green above and silver beneath. Purple cones (to 3\" long) are produced when the trees are quite young. As is distinctive with the firs, the cones appear upright on the branches. This species is native to the mountains of South Korea.\r\nGenus name is an ancient Latin name for a tree described by Pliny around 77 A.D.\r\nSpecific epithet refers to its native range that includes Korea.',2,'2017-11-30 17:33:07','2017-11-30 17:33:07',NULL,1),(83,'Acacia Dealbata','trees_and_shrubs/acacia_dealbata.jpg',1,4,50,'Acacia dealbata is a species of Acacia, native to southeastern Australia in New South Wales, Victoria, Tasmania, and the Australian Capital Territory and widely introduced in Mediterranean, warm temperate, and highland tropical landscape','Acacia dealbata is a species of Acacia, native to southeastern Australia in New South Wales, Victoria, Tasmania, and the Australian Capital Territory and widely introduced in Mediterranean, warm temperate, and highland tropical landscapes. Prefers a sandy loam and a very sunny position sheltered from strong winds. Succeeds in any good garden soil that is lime-free. Plants become chlorotic on limey soils. They grow well in a hot dry position, and are very drought tolerant. Fast growing. Although it prefers a well-drained soil, the plant is tolerant of both drought and wet conditions. Hardy to about -10°c, this species succeeds outdoors in the milder areas of Britain, growing well in Cornwall. If it is cut down by frosts it usually resprouts from the base to form a thicket of slender stems. It can be trained and grown against a sunny wall. Plants require hot, sunny summers if they are to ripen their wood fully and flower freely. In Britain they tend to do best when grown in coastal gardens in a sunny, sheltered position that is protected from the wind.',1,'2017-11-30 17:36:00','2017-11-30 17:36:00',NULL,1),(84,'Acacia Mangium','trees_and_shrubs/acacia_mangium.jpg',1,5,15,'Acacia mangium grows up to 30 metres (98 ft), often with a straight trunk. A. mangium has about 142,000 seeds/kg.','Acacia mangium grows up to 30 metres (98 ft), often with a straight trunk. A. mangium has about 142,000 seeds/kg.To break down dormancy mature seed requires pre-germination treatments such as mechanical scarification (scratching the surface) or boiling water. This treatment leads to a fast germination and typically exceeds 75%.Like many other legumes, it is able to fix nitrogen in the soil A. mangium is a popular species for forest plantation and used more and more also for agroforestry projects. In mixed cultures, plants can profit of the shadow from A. mangium and the nitrogen fixation. A. mangium will tolerate low fertility soils with impeded drainage, but prefers fertile sites with good drainage.',1,'2017-11-30 17:41:11','2017-11-30 17:41:11',NULL,1),(85,'Acacia Retinodes','trees_and_shrubs/acacia_retinodes.jpg',1,4.5,75,'Hardy ornamental suitable for areas of low maintenance. Can be used as a background shrub in mixed plantings, or on roadside verges, road batters and wide median strips as a barrier, wind-break and soil control.','Attracts birds, native butterflies and insects, caterpillar food plant. Fast growing but generally short lived.\r\nCultural use; Indigenous peoples softened the gum in water and ate to relieve chest pain.\r\nNote: This species is classified schedule 1, Regulation 24.2 under the Sewerage Act and may be planted in any street or road in any drainage area provided they are not planted closer than two metres to any sewer main or connection.\r\nThis plant is indigenous to the following botanical regions of South Australia.',2,'2017-11-30 17:42:08','2017-11-30 17:42:08',NULL,1),(86,'Acer Griseum','trees_and_shrubs/acer_griseum.jpg',1,2,19,'Easily grown in average, slightly acidic, medium moisture, well-drained soils in full sun to part shade. Prefers moist, well-drained soils. Intolerant of drought. Propagation is difficult.','Acer griseum, commonly called paperbark maple, is a small, deciduous, oval to oval-rounded tree with slender upright branching. It is particularly noted for its exfoliating copper orange to cinnamon reddish/brown bark and its showy orange to red fall color. It typically matures to 20-30 (40)’ tall. It is native to mixed forests in central China. Bark on the trunk and limbs is extremely ornamental because it peels into large curls which remain on the tree rather that falling to the ground, often in attractive contrast to the tan to rose-brown inner bark. Each trifoliate leaf (3-5” long) features three coarsely toothed leaflets, with the middle leaflet being short-stalked. Leaves are green above, but frosty blue-green to gray-green with fine hairs beneath. Fall color varies, typically ranging from showy shades of orange and red to less spectacular shades of reddish-green to bronze green.',1,'2017-11-30 17:43:42','2017-11-30 17:43:42',NULL,1),(87,'Acrocarpus','trees_and_shrubs/acrocarpus.jpg',1,8,14,'Acrocarpus is a genus of flowering plants in the legume family, Fabaceae.','Acrocarpus is a genus of flowering plants in the legume family, Fabaceae. It belongs to the sub family Caesalpinioideae. The genus includes two tree species found in south Asia. It has pinnate, compound leaves, with red flowers.',1,'2017-11-30 17:45:16','2017-11-30 17:45:16',NULL,1),(88,'Aegle Marmelos','trees_and_shrubs/aegle_marmelos.jpg',1,5,8,'Bael or Aegle marmelos is a spiritual, religious and medicinal plant, native of India and Bangaladesh and spread throughout South East Asia.','Bael or Aegle marmelos is a spiritual, religious and medicinal plant, native of India and Bangaladesh and spread throughout South East Asia. The fruit takes about 10 to 11 months to ripen. Wood Apple is a sweet, aromatic and astringent in nature. Bel has many benefits and uses such as to cure tuberculosis, hepatitis, dysentery, constipation, peptic ulcer, piles and many more, useful in worm infestation and stomach related problems. Bael or Aegle marmelos is also known as Bengal quince, golden apple, Japanese bitter orange, stone apple, etc.  It is also known by various names such as Wood apple, Kaitha, Maredu Pandu, Vilam Palam, Belada Hannu, Koovalam, Kothu, Koth Bel, etc. It’s one of the few Ayurvedic plants whose entire parts from root to leaves are used for different diseases. The fruit balances Kaph and Vata doshas, its roots improve digestion, leaves are good for pain, stem for heart and bel flower’s for curing of diarrhea.',1,'2017-11-30 17:46:05','2017-11-30 17:46:05',NULL,1),(89,'Albizia Jullibrissin','trees_and_shrubs/albizia_jullibrissin.jpg',1,7,10,'A large shrub or small tree, Albizia julibrissin is native to Iran to Japan. It is a fast-growing plant whose seedlings can become invasive. It can be seen growing in the wild in the southeastern U.S. and California in waste places, fields, and along roads.','A large shrub or small tree, Albizia julibrissin is native to Iran to Japan. It is a fast-growing plant whose seedlings can become invasive. It can be seen growing in the wild in the southeastern U.S. and California in waste places, fields, and along roads.\r\nHowever, its bipinnate, ferny leaves and fluffy pink flowerheads that cover the tree in summer make it a garden-worthy plant, as do the fragrance emitted by the flowers, which attract bees. Seed pods that resemble flat beans follow the flowers and persist into winter. Still, care should be used so that seeds from garden plants can\'t escape into the wild.\r\nNoteworthy Characteristics: Domed form when mature. Filigree leaves and powder puff, fragrant flowers. Can be invasive.\r\nCare: Indoors, grow in full light with shade from hot sun. Water freely and fertilize monthly during active growth. Water sparingly in winter. In the garden, grow in poor or moderately fertile soil with good drainage in full sun.',1,'2017-11-30 17:49:33','2017-11-30 17:49:33',NULL,1),(90,'Albizia Lebbeck','trees_and_shrubs/albizia_lebbeck.jpg',1,4,7,'Lebbek (Albizia lebbeck (L.) Benth.) is a deciduous, perennial medium-sized legume tree.','Lebbek (Albizia lebbeck (L.) Benth.) is a deciduous, perennial medium-sized legume tree. It reaches 3-15 m in plantations and up to 30 m in the open. Its dense shade-producing crown can be as large as 30 m in diameter. Leaves are bipinnate with 3-11 pairs of bright green, oblong leaflets, 1.5-6.5 cm long x 0.5-3.5 cm broad. Inflorescences are globular clusters of 15-40 white fragrant flowers. The fruits are 10-30 cm long x 3-6 cm broad, reddish-brown pods that contain 5-15 flat rounded, free moving seeds. They produce an incessant rattle in the wind, reminding women\'s chatter, hence the name \"women\'s tongue\" (FAO, 2010; Orwa et al., 2009; Lowry et al., 1992).\r\nLebbek is a multipurpose tree. As a fodder tree, its foliage, twigs, flowers and immature pods are relished by different classes of livestock (camels, cattle, small ruminants and rabbits) (FAO, 2010). It is also a source of firewood and timber. Lebbek is suitable for agroforestry regimes in which the benefits of animal production are combined with wood production (Lowry et al., 1998), and it is used for shelter belts and as shading tree in coffee and tea plantations (Orwa et al., 2009; Duke, 1983).\r\nLebbek is native to tropical Africa, Asia and Northern Australia. It is widely naturalized within sub-humid, semi-arid tropics and subtropical areas where there is a marked dry season and a reliable rainy season. It is found from sea level up to an altitude of 1800 m (Cook et al., 2005; Lowry et al., 1992; Duke, 1983).',1,'2017-11-30 18:54:15','2017-11-30 18:57:47',NULL,1),(91,'Andean','trees_and_shrubs/andean.jpg',1,5,50,'The Polylepis forest is located in the Andes Mountains. Polylepis forests occur at altitudes of up to 4,500 meters in sheltered areas. Most of the original forest is in the cold Western Cordillera of Bolivia. There is only ten percent left of the original forest.','There are over 15 million trees in just the Andean zone. The exotic plants have grown close to thePolylepis forest causing shading of the native trees. In the Polylepis forest there are 20 evergreen tree species that are characterized by gnarled shapes. The trees have a thick and dense laminated bark with small green and gray leaves. Loss of high mountain forests is considered the major cause of water scarcity in many parts of the Andes. A lot of forest birds live in the Polylepis forest. The Polylepis forest is a very bright colored forest.\r\nPolylepis is a group of tree species belonging to the rose family. Fifteen species of the Polylepisgenus grow in South America, from northern Venezuela to northern Chile and Argentina. The highest number of species grow in Ecuador, Peru and Bolivia.',1,'2017-11-30 18:58:27','2017-11-30 18:58:27',NULL,1),(92,'Araucaria','trees_and_shrubs/araucaria.jpg',1,8,41,'The ancient araucaria family (Araucariaceae) contains three genera (Araucaria, Agathis, and Wollemia) and forty-one species of cone-bearing trees native to forested regions of the Southern Hemisphere, including South America, Malaysia, Australia, New Zealand, and New Caledonia. During the Jurassic Period, the family had an extensive distribution in both hemispheres, extending as far north as England, Greenland, and Sweden.','The ancient araucaria family (Araucariaceae) contains three genera (Araucaria, Agathis, and Wollemia) and forty-one species of cone-bearing trees native to forested regions of the Southern Hemisphere, including South America, Malaysia, Australia, New Zealand, and New Caledonia. During the Jurassic Period, the family had an extensive distribution in both hemispheres, extending as far north as England, Greenland, and Sweden. In majestic size and beauty, araucariads rival the grander members of the pine family (Pinaceae); both families are conifers (Pinophyta). Fossil evidence indicates that ancient araucaria forests resembling present-day species date back to the age of dinosaurs. Today, araucaria forests are limited to the Southern Hemisphere and are considered a counterpart to the pine and spruce forests of the Northern Hemisphere.\r\nAlthough sometimes referred to as “pines,” members of the araucaria family have seed cones and foliage that are distinctly different from those of the pine family. Trees in the pine family have cone scales with a pair of winged ovules (seeds) on the upper surface; members of the araucaria family have only one ovule per scale. The seed of Araucaria is fused to the scale and falls with the scale when the cone disintegrates. In Agathis, the seed is winged and free from the scale. Unlike the typical, slender, needlelike leaves of the pine family, the sharply pointed leaves of the araucaria family are quite variable; depending upon the species, they range from scale-like or awl-shaped to linear or oblong. Some species have broad leaves that superficially resemble the leaves of flowering plants.',2,'2017-11-30 19:00:31','2017-11-30 19:00:31',NULL,1),(93,'Arctostaphylos','trees_and_shrubs/arctostaphylos.jpg',1,5,3,'No other shrub is more symbolic of the Pacific Coast than manzanita (Arctostaphylos). From British Columbia to Baja, one species to many are endemic from the beaches to the mountains.','No other shrub is more symbolic of the Pacific Coast than manzanita (Arctostaphylos). From British Columbia to Baja, one species to many are endemic from the beaches to the mountains. Comprising more than fifty species and dozens of cultivars, they are one of the most distinctive shrubs of the far West, familiar to campers and hikers but little known in Pacific Northwest gardens—beyond the ubiquitous groundcover kinnikinnick (A. uva-ursi ).\r\nWe have been cultivating a wide variety of shrubby manzanitas at our nursery in Oregon’s Willamette Valley, and have been delighted to see them capture the imagination of Northwest gardeners. Once thought of as finicky in our region, it turns out that many, including those native to California, are ideally adapted to our naturally dry summers, and are surprisingly tolerant of winter cold as well. In California—where the majority of species are native, and where a multitude of cultivars are readily found in nurseries and at plant sales—they have long been recognized as valuable garden shrubs and have gained a staunch following among native plant enthusiasts. What they offer to gardeners in the Pacific Northwest is another component in the movement towards low-maintenance and low-water gardens. Handsome evergreen shrubs, they combine picturesque bark, showy flowers (early in the season), and food for wildlife; they are useful as both specimens and transitional shrubs to meld with neighboring wild areas. Their distinctive bark and sinuous branching habit might even suggest a dwarf version of our beloved—and related—native madrone (Arbutus menziesii).',2,'2017-11-30 19:01:21','2017-11-30 19:01:21',NULL,1),(94,'Ardisia Macrocarpa','trees_and_shrubs/ardisia_macrocarpa.jpg',1,6.8,8,'A cool growing bush of our region it has dark green leaves with  undulate margins. The plant is a compact grower and does not spread out too much.','A cool growing bush of our region it has dark green leaves with  undulate margins. The plant is a compact grower and does not spread out too much.  It has a habit of   branching from the apical portion of the stem. Profuse small star shaped white flowers is early summer produce many  berries in autumn. Throughout winter and early spring the red berries stay on the plant giving it a very decorative look. Ideal for growing as a pot plant for indoor decoration.\r\n Habitat: This species is spread throughout the eastern Himalayas.\r\nEthnobotany: Though not a fruit crop, the berries are edible and children are quite fond of it. They have a mild sweet taste.\r\nA lovely ornamental shrub to about 2 m tall that produces dark green leaves with undulate margins and masses of waxy, whitish, star-shaped flowers followed by small, bright red fruits that are edible and somewhat sweet but a bit bland. It is native to humid forests in the central and eastern Himalayas between 1500 and 2400 m. In cultivation, Ardisia macrocarpa adapts well to temperate climates in USDA Zones 9 and above.',2,'2017-11-30 19:02:30','2017-11-30 19:02:30',NULL,1),(95,'Aronia Melanocarpa','trees_and_shrubs/aronia_melanocarpa.jpg',1,4.5,9,'Easily grown in average, medium moisture, well-drained soils in full sun to part shade. Plants have a wide range of soil tolerance including boggy soils.','Culture\r\nEasily grown in average, medium moisture, well-drained soils in full sun to part shade. Plants have a wide range of soil tolerance including boggy soils. Best fruit production usually occurs in full sun. Remove root suckers to prevent colonial spread.\r\nNoteworthy Characteristics\r\nAronia melanocarpa, commonly called black chokeberry, is an open, upright, spreading, somewhat rounded but leggy, suckering, deciduous shrub that typically grows 3-6’ tall. It is native to low woods, swamps, bogs and moist thickets but occasionally to dry upland areas, from Newfoundland to southern Ontario and Minnesota south to Missouri, Tennessee and Georgia. Although common in many parts of its native range, it is somewhat rare in Missouri where it is only found in sandy wet or boggy ground along spring branches at the base of Crowley Ridge in southeastern Stoddard County (Steyermark). It is noted for its 5-6 flowered clusters of white 5-petaled spring (May) flowers, glossy elliptic to obovate dark green leaves (to 2-3” long) with finely toothed margins, black autumn berries (blueberry size) and purple/red fall color.\r\nGenus name comes from the Greek word aria the name for a species of Sorbus of which the fruits resemble chokeberry.\r\n\r\nSpecific epithet comes from the words melano meaning black and carpa meaning fruit in reference to the ripe fruits of this shrub.\r\n\r\nThe common name of chokeberry is in reference to the tart and bitter taste of the fruits which are technically edible but so astringent as to cause choking in most of those who try. Fruits are sometimes used to make tasty jams and jellies.',2,'2017-11-30 19:03:30','2017-11-30 19:03:30',NULL,1),(96,'Baobab','trees_and_shrubs/baobab.jpg',1,5,18,'The majestic baobab tree is an icon of the African continent and lies at the heart of many traditional African remedies and folklore.','The majestic baobab tree is an icon of the African continent and lies at the heart of many traditional African remedies and folklore.\r\nThe baobab is a prehistoric species which predates both mankind and the splitting of the continents over 200 million years ago. Native to the African savannah where the climate is extremely dry and arid, it is a symbol of life and positivity in a landscape where little else can thrive.  Over time, the Baobab has adapted to its environment. It is a succulent, which means that during the rainy season it absorbs and stores water in its vast trunk, enabling it to produce a nutrient-dense fruit in the dry season when all around is dry and arid. This is how it became known as \"The Tree of Life\".\r\nBaobab trees grow in 32 African countries. They can live for up to 5,000 years, reach up to 30 metres high and up to an enormous 50 metres in circumference. Baobab trees can provide shelter, food and water for animals and humans, which is why many savannah communities have made their homes near Baobab trees.',1,'2017-11-30 19:04:12','2017-11-30 19:04:12',NULL,1),(97,'Betula Lenta','trees_and_shrubs/betula_lenta.jpg',1,8.66,12,'Betula Lenta (Cherry birch) is also variously called black birch for its dark, shiny bark, and sweet birch for its wintergreen-smelling twigs.','Betula Lenta (Cherry birch) is also variously called black birch for its dark, shiny bark, and sweet birch for its wintergreen-smelling twigs. Saplings of this tree are often among the earliest colonizers of newly logged ground in southern New England. Once the source of birch beer and oil of wintergreen (methyl salicylate, a preservative and medicinal rub), this tree is now used primarily as a shade tree and occasional source of dark wood which is difficult to work but ages to a deep finish reminiscent of mahogany.',2,'2017-11-30 19:04:55','2017-11-30 19:04:55',NULL,1),(98,'Bucida Buceras','trees_and_shrubs/bucida_buceras.jpg',1,9.42,9,'The Black Olive Tree spiny, slow-growing evergreen tree is native to Mexico, Central America, the Caribbean, and northern South America and is also found in the upper Florida Keys.','The Black Olive Tree spiny, slow-growing evergreen tree is native to Mexico, Central America, the Caribbean, and northern South America and is also found in the upper Florida Keys. It is often found in coastal swamps and wet inland forests. Despite its name it doesn\'t produce an edible olive but does produce a small seed capsule. The foliage is dense and the spreading crown becomes more rounded with age. The wood of the bullet tree is extremely hard and durable. It has a high resistance to insects and fungus, and is sometimes used as a building material. The bark is a useful source of tannins for tanning leather.\r\nSOWING ADVICE\r\nThese seeds need a period of stratification to break their dormancy. You can do this by soaking the seeds for 24 hours and then placing them in a sealed freezer bag in the fridge. Do not allow the seeds to dry out. The seeds can then be sown after 6-8 weeks and should germinate normally. Alternatively you can sow the seed in a moist seed tray and then leave the tray outside over the winter to allow for natural stratification to occur.',2,'2017-11-30 19:05:48','2017-11-30 19:05:48',NULL,1),(99,'Callistemon','trees_and_shrubs/callistemon.jpg',1,4,8,'With their vibrant, fuzzy-looking flowerheads in summer, Callistemon (Bottlebrush) are instantly recognisable.','With their vibrant, fuzzy-looking flowerheads in summer, Callistemon (Bottlebrush) are instantly recognisable. Where to Plant Callistemons (Bottlebrushes)\r\nOutdoors, Callistemon (Bottlebrush) look more comfortable in shrubs or mixed borders, particularly if associated with other Australian (as well as Mediterranean) plants also possessing drought tolerant foliage – these include salvias, hebes, caryopteris and rosemary. They also look good with flamboyant woody plants such as yucca, palms and tetrapanax. Callistemon (Bottlebrush)  tend to look out of place with the lush cottage-style planting of many UK gardens. Although our winters can be cold and test many bottlebrushes when planted outdoors, plants such as: Callistemon viridiflorus, C. pallidus and  C. citrinus ‘Splendens’ are worth trying, and you could experiment with others. They need a sunny, sheltered position away from cold winds: a south- or south-west facing wall being ideal.\r\n\r\nIf you can’t grow them outdoors, or don’t want to take the risk, they also make striking cool conservatory and greenhouse plants in borders or containers.\r\nSoil Conditions\r\nGenerally unfussy as to soil, they tolerate poor sandy conditions, but do not thrive in shallow, chalk soils unless plenty of organic matter is dug in. They will tolerate drought as long as it is not too prolonged. Once established they do not need special attention and are generally problem-free.\r\nWhen to prune\r\nLightly prune after flowering to keep them under control, cutting just behind the spent flowerhead. Most callistemons do not take kindly to being hard-pruned, although C. citrinus ‘Splendens’ can be cut more severely, and this is best attempted immediately after flowering.',2,'2017-11-30 19:13:37','2017-11-30 19:13:37',NULL,1),(100,'Carob','trees_and_shrubs/carob.jpg',1,5,19,'Carob is native to the eastern Mediterranean, probably the Middle East, where it has been in cultivation for at least 4000 years. The plant was well known to the ancient Greeks, who planted seeds of this plant in Greece and Italy.','Carob is native to the eastern Mediterranean, probably the Middle East, where it has been in cultivation for at least 4000 years. The plant was well known to the ancient Greeks, who planted seeds of this plant in Greece and Italy.\r\nThis plant is also called St. John\'s bread or locust bean because the pods were once thought to have been the \"locusts\" that were eaten by John the Baptist in the Wilderness.\r\nThat story was apparently wrong--he ate migratory locust. Seeds were used to weight gold, hence the word \"carat.\" Mohammed\'s army ate kharoub , and Arabs planted the crop in northern Africa and Spain (Moors), along with citrus ( Citrus ) and olives ( Olea ).\r\nSpaniards carried carob to Mexico and South America, and the British took carob to South Africa, India, and Australia.\r\nRecords show that carob was intentionally introduced into the United States in 1854, and the first seedlings were apparently planted in California in 1873. For commercial production cultivars with the finest quality fruits are bud grafted on common stock.\r\nCarob grows well anywhere that citrus is grown, and it prefers dry climates that receive more than 30 centimeters of rainfall--ideal mediterranean-type climates.\r\nThe fruit of carob is a pod, technically a legume 15 to 30 centimeters in length and fairly thick and broad.\r\nPods are borne on the old stems of the plant on short flower stalks. Interestingly, most carob trees are monoecious, with individual male and female flowers.\r\nThe dark-brown pods are not only edible, but also rich in sucrose (almost 40% plus other sugars) and protein (up to 8%).\r\nMoreover, the pod has vitamin A, B vitamins, and several important minerals. They can be eaten directly by livestock, but we know carob mostly because the pods are ground into a flour that is a cocoa substitute.\r\nAlthough this product has a slightly different taste than chocolate, it has only one-third the calories (total 1595 calories per pound), is virtually fat-free (chocolate is half fat), is rich in pectin, is non-allergenic, has abundant protein, and has no oxalic acid, which interferes with absorption of calcium.\r\nConsequently, carob flour is widely used in health foods for chocolate-like flavoring.\r\nA very fine polysaccharide gum--mucilaginous, odorless, tasteless, and colorless--can also be obtained from the pod and is now used in many products.\r\nThere are also several putative medicinal uses of the plant, and singers formerly chewed the pod husks in the belief that this clears the throat and voice.\r\nMost carob used in this country comes from the Mediterranean Region, especially Sicily, Cyprus, Malta, Spain, southern Sardinia, and Italy along the Adriatic Sea.\r\nCarob can be produced in California, and was grown for a while in the Southland, but this has not been economically successful because the land is too valuable to devote to this crop.',1,'2017-11-30 19:14:26','2017-11-30 19:14:26',NULL,1),(101,'Caryota','trees_and_shrubs/caryota.jpg',1,9,6,'As its name suggests, this is a very large palm, up to 33 m. tall, with a very long smooth crownshaft. The leaves are dull green, with drooping leaflets.','m. long, with dull green, pendulous leaflets growing in one plane. The leaflets are obdeltoid and praemorse. Flowers and fruit: Inflorescences are massive, 1-1.5 m. long with many pendant branches with staminate flowers and pistillate flowers on the same inflorescence. Fruits are up to 2.5 cm. long and pink to dark reddish-purple when ripe. Editing by edric.\r\nCulture\r\nIt does best in the tropics. For cooler areas, however, Caryota maxima var. \"Himalaya\", would be a better choice. but both very cold hardy, perhaps 19`F. Full sun, moist, well drained position. Think twice before putting it into an average sized garden (it does get BIG).',1,'2017-11-30 19:15:27','2017-11-30 19:15:27',NULL,1),(102,'Cassia','trees_and_shrubs/cassia.jpg',1,4.22,65,'Cassia is an aromatic bark, similar to cinnamon, but differing in strength and quality. Its bark is darker, thicker and coarser, and the corky outer bark is often left on.','Cassia is an aromatic bark, similar to cinnamon, but differing in strength and quality. Its bark is darker, thicker and coarser, and the corky outer bark is often left on. The outer surface is rough and grayish brown, the inside bark is smoother and reddish-brown. It is less costly than cinnamon and is often sold ground as cinnamon. When buying as sticks, cinnamon rolls into a single quill while cassia is rolled from both sides toward the centre so that they end up resembling scrolls. Cassia buds resemble cloves. They are the dried unripe fruits about 14 mm (1/2 in) long and half as wide. It is native to Burma and grown in China, Indo-China, the East and West Indies and Central America. It is called kwei in the earliest Chinese herbal by Shen-nung (2700 B.C.). It reached Europe in classical times with Arabian and Phoenician traders and the buds were known in Europe in the Middle Ages.\r\nThere are many varieties of cassia, including: Chinese cassia(Cinnamomum cassia) or cassia, is from Burma and South China, coming in quills or rolled. This variety is also the source of cassia buds. Indian cassia (Cinnamomum tamala) is native to India where its leaves are also used as an herb (tejpat). Indonesian cassia (Cinnamomum burmanni) or Padang cassia has a smoother bark and double quills. This is usually the cassia that is imported to North America. Saigon cassia(Cinnamomum loureirii) is native to Indonesia and is also grown in Japan and Korea. Oliver’s Bark (Cinnamomum oliveri) is an Australian substitute of cassia and cinnamon. Mossoia Bark (Cinnamomum) is an inferior substitute for cassia and cinnamon from Papua New Guinea. \r\nBouquet: The buds have a slight aroma. the bark is sweet-spicy like cinnamon, but more pungent. \r\nFlavour: The bark and the buds have similar flavours: warm, sweet and pungent. \r\nHotness Scale: 3.',1,'2017-11-30 19:17:36','2017-11-30 19:17:36',NULL,1),(103,'Cercis','trees_and_shrubs/cercis.jpg',1,5.42,31,'Easily grown in average, medium moisture, well-drained soils in full sun to part shade. Part shade is best in hot summer climates.','Easily grown in average, medium moisture, well-drained soils in full sun to part shade. Part shade is best in hot summer climates. Performs best in moderately fertile soils with regular and consistent moisture. Avoid wet or poorly drained soils. Since this tree does not transplant well, it should be planted when young and left undisturbed.\r\nNoteworthy Characteristics\r\nCercis canadensis, commonly called eastern redbud, is a deciduous, often multi-trunked understory tree with a rounded crown that typically matures to 20-30’ tall with a slightly larger spread. It is particularly noted for its stunning pea-like rose-purple flowers which bloom profusely on bare branches in early\r\nspring (March-April) before the foliage emerges. This tree is native to eastern and central North America from Connecticut to New York to southern Ontario and the Great Lakes south to Western Texas and Florida. It is found in open woodlands, thickets, woodland margins, limestone glades and along rocky streams and bluffs throughout Missouri (Steyermark). Flowers (to ½” wide) bloom in clusters of 4-10. Flowers are followed by flattened leguminous bean-like dry seedpods (to 2-4” long) that mature to brown in summer. Each pod has 6-12 seeds. Pods may remain on the tree into winter. Alternate, simple, cordate, broadly ovate to nearly orbicular, dull green to blue-green leaves (3-5” across) have a papery texture and are short pointed at the tip. Leaves turn pale yellow to greenish-yellow in fall. Cercis canadensis is the state tree of Oklahoma.\r\nGenus name comes from the Greek word kerkis meaning weaver’s shuttle in reference to the resemblance of each seed pod to a weaver’s shuttle.\r\nSpecific epithet is in reference to Canada (southern Ontario) being part of the native range of this tree.',1,'2017-11-30 19:18:27','2017-11-30 19:18:27',NULL,1),(104,'Cyrptomeria','trees_and_shrubs/cyrptomeria.jpg',1,3.73,16,'Best grown in moist, rich, fertile, acidic, well-drained soils in full sun. Tolerates light shade. Soils should not be allowed to dry out. Site in a location protected from drying winter winds.','Best grown in moist, rich, fertile, acidic, well-drained soils in full sun. Tolerates light shade. Soils should not be allowed to dry out. Site in a location protected from drying winter winds.\r\nNoteworthy Characteristics\r\nCryptomeria japonica, commonly called Japanese cedar or sugi, is a slender, pyramidal, evergreen conifer with tiered horizontal branching, which is slightly pendulous at the tips. Japanese cedar is a monotypic genus unrelated to the true cedars (Cedrus). It is native to forested areas in Japan and China where it typically grows as a single trunk tree to 150’ tall (infrequently taller) with an 8’ trunk diameter. It is the national tree of Japan where it is often planted at temples and shrines. In cultivation in the U.S., it grows much smaller, more typically to 50-60’ tall. Sharply-pointed, awl-shaped, fragrant, green to blue-green needles (to 3/4” long) are spirally arranged. Foliage is soft to the touch. Foliage may bronze in cold winters. Spherical fruiting cones (to 1” diameter) appear at the shoot ends. Reddish-brown bark exfoliates in strips.\r\nThis is a prized timber tree in its native habitat. Compact and dwarf cultivars are commonly sold in commerce. Genus name comes from the Greek krypto meaning to hide and meris meaning a part in reference to the flower parts being hidden. Specific epithet means of Japan.',1,'2017-11-30 19:20:02','2017-11-30 19:20:02',NULL,1);
/*!40000 ALTER TABLE `product` ENABLE KEYS */;
UNLOCK TABLES;

--
-- Table structure for table `review`
--

DROP TABLE IF EXISTS `review`;
/*!40101 SET @saved_cs_client     = @@character_set_client */;
/*!40101 SET character_set_client = utf8 */;
CREATE TABLE `review` (
  `id` int(10) unsigned NOT NULL AUTO_INCREMENT,
  `product_id` int(11) NOT NULL,
  `user_id` int(11) NOT NULL,
  `title` varchar(191) COLLATE utf8mb4_unicode_ci NOT NULL,
  `contents` varchar(191) COLLATE utf8mb4_unicode_ci NOT NULL,
  `created_at` timestamp NULL DEFAULT NULL,
  `updated_at` timestamp NULL DEFAULT NULL,
  `published` tinyint(1) DEFAULT NULL,
  PRIMARY KEY (`id`)
) ENGINE=InnoDB AUTO_INCREMENT=2 DEFAULT CHARSET=utf8mb4 COLLATE=utf8mb4_unicode_ci;
/*!40101 SET character_set_client = @saved_cs_client */;

--
-- Dumping data for table `review`
--

LOCK TABLES `review` WRITE;
/*!40000 ALTER TABLE `review` DISABLE KEYS */;
INSERT INTO `review` VALUES (1,2,3,'Fast Delivery','Delivery was fast. Product arrived in good condition.',NULL,NULL,0);
/*!40000 ALTER TABLE `review` ENABLE KEYS */;
UNLOCK TABLES;

--
-- Table structure for table `supplier`
--

DROP TABLE IF EXISTS `supplier`;
/*!40101 SET @saved_cs_client     = @@character_set_client */;
/*!40101 SET character_set_client = utf8 */;
CREATE TABLE `supplier` (
  `id` int(10) unsigned NOT NULL AUTO_INCREMENT,
  `name` varchar(191) COLLATE utf8mb4_unicode_ci NOT NULL,
  `phone` varchar(191) COLLATE utf8mb4_unicode_ci NOT NULL,
  `email` varchar(191) COLLATE utf8mb4_unicode_ci NOT NULL,
  `created_at` timestamp NULL DEFAULT NULL,
  `updated_at` timestamp NULL DEFAULT NULL,
  PRIMARY KEY (`id`)
) ENGINE=InnoDB AUTO_INCREMENT=3 DEFAULT CHARSET=utf8mb4 COLLATE=utf8mb4_unicode_ci;
/*!40101 SET character_set_client = @saved_cs_client */;

--
-- Dumping data for table `supplier`
--

LOCK TABLES `supplier` WRITE;
/*!40000 ALTER TABLE `supplier` DISABLE KEYS */;
INSERT INTO `supplier` VALUES (1,'Seeds R Us','2041234567','seedsrus@email.com',NULL,NULL),(2,'Some Greenhouse','1234567890','greenery@email.com',NULL,NULL);
/*!40000 ALTER TABLE `supplier` ENABLE KEYS */;
UNLOCK TABLES;

--
-- Table structure for table `transaction`
--

DROP TABLE IF EXISTS `transaction`;
/*!40101 SET @saved_cs_client     = @@character_set_client */;
/*!40101 SET character_set_client = utf8 */;
CREATE TABLE `transaction` (
  `id` int(10) unsigned NOT NULL AUTO_INCREMENT,
  `payment_type` varchar(191) COLLATE utf8mb4_unicode_ci NOT NULL,
  `status` varchar(191) COLLATE utf8mb4_unicode_ci NOT NULL,
  `order_id` int(11) NOT NULL,
  `created_at` timestamp NULL DEFAULT NULL,
  `updated_at` timestamp NULL DEFAULT NULL,
  PRIMARY KEY (`id`)
) ENGINE=InnoDB AUTO_INCREMENT=5 DEFAULT CHARSET=utf8mb4 COLLATE=utf8mb4_unicode_ci;
/*!40101 SET character_set_client = @saved_cs_client */;

--
-- Dumping data for table `transaction`
--

LOCK TABLES `transaction` WRITE;
/*!40000 ALTER TABLE `transaction` DISABLE KEYS */;
INSERT INTO `transaction` VALUES (1,'visa','approved',1,NULL,NULL),(2,'mastercard','approved',2,NULL,NULL),(3,'amex','declined',3,NULL,NULL),(4,'mastercard','approved',3,NULL,NULL);
/*!40000 ALTER TABLE `transaction` ENABLE KEYS */;
UNLOCK TABLES;

--
-- Table structure for table `user_order`
--

DROP TABLE IF EXISTS `user_order`;
/*!40101 SET @saved_cs_client     = @@character_set_client */;
/*!40101 SET character_set_client = utf8 */;
CREATE TABLE `user_order` (
  `id` int(10) unsigned NOT NULL AUTO_INCREMENT,
  `user_id` int(11) NOT NULL,
  `order_id` int(11) NOT NULL,
  `created_at` timestamp NULL DEFAULT NULL,
  `updated_at` timestamp NULL DEFAULT NULL,
  PRIMARY KEY (`id`)
) ENGINE=InnoDB AUTO_INCREMENT=4 DEFAULT CHARSET=utf8mb4 COLLATE=utf8mb4_unicode_ci;
/*!40101 SET character_set_client = @saved_cs_client */;

--
-- Dumping data for table `user_order`
--

LOCK TABLES `user_order` WRITE;
/*!40000 ALTER TABLE `user_order` DISABLE KEYS */;
INSERT INTO `user_order` VALUES (1,1,1,NULL,NULL),(2,1,2,NULL,NULL),(3,2,3,NULL,NULL);
/*!40000 ALTER TABLE `user_order` ENABLE KEYS */;
UNLOCK TABLES;

--
-- Table structure for table `users`
--

DROP TABLE IF EXISTS `users`;
/*!40101 SET @saved_cs_client     = @@character_set_client */;
/*!40101 SET character_set_client = utf8 */;
CREATE TABLE `users` (
  `id` int(10) unsigned NOT NULL AUTO_INCREMENT,
  `first_name` varchar(191) COLLATE utf8mb4_unicode_ci NOT NULL,
  `last_name` varchar(191) COLLATE utf8mb4_unicode_ci NOT NULL,
  `email` varchar(191) COLLATE utf8mb4_unicode_ci NOT NULL,
  `password` varchar(191) COLLATE utf8mb4_unicode_ci NOT NULL,
  `phone` varchar(191) COLLATE utf8mb4_unicode_ci NOT NULL,
  `street` varchar(191) COLLATE utf8mb4_unicode_ci NOT NULL,
  `city` varchar(191) COLLATE utf8mb4_unicode_ci NOT NULL,
  `province` varchar(191) COLLATE utf8mb4_unicode_ci NOT NULL,
  `country` varchar(191) COLLATE utf8mb4_unicode_ci NOT NULL,
  `postal_code` varchar(191) COLLATE utf8mb4_unicode_ci NOT NULL,
  `is_admin` tinyint(1) NOT NULL DEFAULT '0',
  `remember_token` varchar(100) COLLATE utf8mb4_unicode_ci DEFAULT NULL,
  `created_at` timestamp NULL DEFAULT NULL,
  `updated_at` timestamp NULL DEFAULT NULL,
  PRIMARY KEY (`id`),
  UNIQUE KEY `users_email_unique` (`email`)
) ENGINE=InnoDB AUTO_INCREMENT=12 DEFAULT CHARSET=utf8mb4 COLLATE=utf8mb4_unicode_ci;
/*!40101 SET character_set_client = @saved_cs_client */;

--
-- Dumping data for table `users`
--

LOCK TABLES `users` WRITE;
/*!40000 ALTER TABLE `users` DISABLE KEYS */;
INSERT INTO `users` VALUES (3,'Jayda','Brandt','jaydabrandt@gmail.com','$2y$10$tDdcFRfe37jGNslWXl6s3e7zj8Oqdo5xz6ZijfJCiePO3emgnGxWG','123-123-1234','123 Street','Winnipeg','MB','Canada','R0A0C0',1,'dE2S1mMetOhm2TimxnL9DVmiT71eis0GwgWapWETJOuUT96PuVXlaXSGftSl','2017-11-22 16:15:49','2017-12-04 20:21:34'),(4,'Alex','Lindsay','alexxlindsay808@hotmail.com','$2y$10$w75AOS5DAhsLs32l88RqtuYgfh.UjM80HnqsFmKXbE/.SuTYWex5u','2049879876','5678 Road','Winnipeg','MB','Canada','R1R 2A2',1,'84cytAV2U4Kj4ZT0Z1jInMAtsPKZb0m1G4meFKXGKLDrzzvw9D0MuHtVppcg','2017-11-22 16:34:22','2017-11-22 16:34:22'),(5,'Gauri','Singh','gauri2009@gmail.com','$2y$10$ORvg2e9lNKu.8UWo8kKLp.mHbKTvMXRGsYbis8NIBi.q/htnOP8yu','204 000 000','watt street','Winnipeg','MB','Canada','R2k 278',1,'ik4z14t781CpmbRGuQzCGffzfn3vl6zwL1sjqsXfKXmLkE1zKoNxgv0C5n6h','2017-11-22 16:36:09','2017-11-22 16:36:09'),(6,'Stanislav','Uvarov','stan291993@gmail.com','$2y$10$5eAq6lPOdNFz7qVx0VUseOL2UiJmvZfNg4rA2qffiNLuTemxdmayS','+14317773157','300 Assiniboine','Winnipeg','MB','Canada','R3C L21',1,'OZmchNaP2Ah7FFXNOq7H1OwomzJ4jOSFepoPCUvIs3M1NpELucY9I0cHcTDy','2017-11-22 16:38:08','2017-11-22 16:38:08'),(7,'Pratibha','Sindhoor','p_sindhoor@yahoo.com','$2y$10$0/VYXms2RKWgdna0ZtTv/uKetYG.OOLMNNdqU003Niqifji7tTgE6','2049952974','830, Scotland Avenue','Winnipeg','MB','Canada','R1R 2A2',1,'TfNvbstWdz1JI1SfiIVPvR97KCAKcE061xzV78kJiR79FsVSGlz5PMDixoEz','2017-11-22 16:40:34','2017-11-22 16:40:34'),(8,'katie','overwater','ksoverwater@gmail.com','$2y$10$79cnchESb9He3f0mHScRwusICB5cdpyNdNRObCzLb4YCWIQ43luoy','2048233570','170 hargrave','Winnipeg','Manitoba','Canada','r3c3h4',1,'UJQY8zdfGySDCkOBXt0eJ8CzwsWHmQFLNsK41kn7QtTLJlpa86t22tlMO32c','2017-11-22 16:45:20','2017-11-22 16:45:20'),(9,'Giancarlo','Marques de Moraes','moraesg@gmail.com','$2y$10$CbEt8Y9XnHZEoffWM4G2ru8OHWdR3kzv0MfetozF9jLlRcfgfK95.','2043916352','2105 - 72 Donald St','Winnipeg','Manitoba','Canada','R3C1L7',1,'h9pp3cpwoufbXbiw2hoaVPKM0mVC5KT6pvfLyd0jDDSvQNkXmwhRZ9bBNVvt','2017-11-22 16:46:49','2017-11-22 16:46:49'),(10,'Navroop','Singh','singhnavroop13@gmail.com','$2y$10$K1DwbfpFRAHHzXRbqq876uHKUcqB8IZ99JQS0jcDHCyUfQWsf5Wbi','4313361608','190 smith street','Winnipeg','Manitoba','Canada','r3c1j8',1,'RKV4HR8URuoCWGcNGoFde3lSvhzNkVqmgtlo2TtSg5NcTEnkvHAhJyAwUHDN','2017-11-27 15:36:50','2017-11-27 15:36:50'),(11,'Test 1','Test','test1@gmail.com','$2y$10$soGL0V6eHexuq4n5zOmr..Zu8forIe0Dpm3GlwvvtYB1ZTossWsCG','1234567890','Test Street','Test City','Test Province','Test Country','Test1',0,'GbV9PXfq7VllWAkfQCe3j8HoSIbdxbPn7Chzuc3sx0bcfESNUZHOpFNouKAm','2017-11-28 15:09:34','2017-11-28 15:09:34');
/*!40000 ALTER TABLE `users` ENABLE KEYS */;
UNLOCK TABLES;
/*!40103 SET TIME_ZONE=@OLD_TIME_ZONE */;

/*!40101 SET SQL_MODE=@OLD_SQL_MODE */;
/*!40014 SET FOREIGN_KEY_CHECKS=@OLD_FOREIGN_KEY_CHECKS */;
/*!40014 SET UNIQUE_CHECKS=@OLD_UNIQUE_CHECKS */;
/*!40101 SET CHARACTER_SET_CLIENT=@OLD_CHARACTER_SET_CLIENT */;
/*!40101 SET CHARACTER_SET_RESULTS=@OLD_CHARACTER_SET_RESULTS */;
/*!40101 SET COLLATION_CONNECTION=@OLD_COLLATION_CONNECTION */;
/*!40111 SET SQL_NOTES=@OLD_SQL_NOTES */;

-- Dump completed on 2017-12-05  1:37:30
